{
  "last_weekly_cleanup": "2025-06-12T17:29:17.356424",
  "last_cache_cleanup": null,
  "total_cleanups": 1,
  "total_freed_mb": 37.4027624130249
}