{
  "last_weekly_cleanup": "2025-07-26T23:02:19.576058",
  "last_cache_cleanup": null,
  "total_cleanups": 2,
  "total_freed_mb": 37.4027624130249
}